udi,predictedValues
446,Power Failure
7076,Power Failure
1191,Power Failure
2618,Power Failure
5067,Power Failure
191,Power Failure
2601,Power Failure
3300,Power Failure
6729,Power Failure
4824,Power Failure
6848,Power Failure
1238,Power Failure
199,Power Failure
3703,Power Failure
6984,Power Failure
3601,Power Failure
1737,Power Failure
6992,Power Failure
9921,Power Failure
5593,Power Failure
2910,Power Failure
8041,Power Failure
8525,Power Failure
4475,Power Failure
7611,Power Failure
2405,Power Failure
9048,Power Failure
146,Power Failure
2049,Power Failure
2964,Power Failure
8868,Power Failure
9211,Power Failure
8598,Power Failure
1123,Power Failure
3894,Power Failure
5175,Power Failure
2477,Power Failure
5531,Power Failure
7916,Power Failure
5441,Power Failure
5764,Power Failure
3779,Power Failure
8844,Power Failure
4227,Power Failure
7525,Power Failure
3002,Power Failure
6076,Power Failure
7154,Power Failure
1108,Power Failure
5754,Power Failure
7020,Power Failure
4094,Power Failure
1552,Power Failure
8607,Power Failure
3913,Power Failure
5295,Power Failure
931,Power Failure
130,Power Failure
9041,Power Failure
3420,Power Failure
4347,Power Failure
8329,Power Failure
1288,Power Failure
9931,Power Failure
6441,Power Failure
5052,Power Failure
7960,Power Failure
5127,Power Failure
4137,Power Failure
3481,Power Failure
9585,Power Failure
9976,Power Failure
2828,Power Failure
6088,Power Failure
7696,Power Failure
1580,Power Failure
1571,Power Failure
7750,Power Failure
4831,Power Failure
6951,Power Failure
8367,Power Failure
1799,Power Failure
4199,Power Failure
8046,Power Failure
9150,Power Failure
4538,Power Failure
8352,Power Failure
589,Power Failure
3132,Power Failure
2208,Power Failure
2383,Power Failure
6131,Power Failure
4467,Power Failure
5117,Power Failure
6584,Power Failure
1713,Power Failure
2863,Power Failure
5059,Power Failure
5864,Power Failure
9241,Power Failure
9917,Power Failure
3643,Power Failure
7143,Power Failure
62,Power Failure
7385,Power Failure
6687,Power Failure
6700,Power Failure
2850,Power Failure
8670,Power Failure
1140,Power Failure
5280,Power Failure
2515,Power Failure
4399,Power Failure
6145,Power Failure
6481,Power Failure
1513,Power Failure
9709,Power Failure
7401,Power Failure
1762,Power Failure
5478,Power Failure
8480,Power Failure
636,Power Failure
1963,Power Failure
400,Power Failure
2893,Power Failure
5907,Power Failure
504,Power Failure
712,Power Failure
1506,Power Failure
8653,Power Failure
8706,Power Failure
8964,Power Failure
3990,Power Failure
5164,Power Failure
7269,Power Failure
9580,Power Failure
3199,Power Failure
3772,Power Failure
9913,Power Failure
4381,Power Failure
5981,Power Failure
5228,Power Failure
7305,Power Failure
4027,Power Failure
5424,Power Failure
1413,Power Failure
8772,Power Failure
8611,Power Failure
4654,Power Failure
7183,Power Failure
3257,Power Failure
1832,Power Failure
9949,Power Failure
3885,Power Failure
4462,Power Failure
2823,Power Failure
2927,Power Failure
9262,Power Failure
2594,Power Failure
8668,Power Failure
8004,Power Failure
7569,Power Failure
3680,Power Failure
2072,Power Failure
9639,Power Failure
7962,Power Failure
7860,Power Failure
6627,Power Failure
8040,Power Failure
1018,Power Failure
2861,Power Failure
6717,Power Failure
2817,Power Failure
7253,Power Failure
1948,Power Failure
8280,Power Failure
4438,Power Failure
5959,Power Failure
7684,Power Failure
454,Power Failure
8731,Power Failure
1593,Power Failure
1775,Power Failure
7803,Power Failure
3061,Power Failure
8766,Power Failure
5810,Power Failure
9014,Power Failure
9658,Power Failure
8301,Power Failure
3127,Power Failure
4958,Power Failure
9445,Power Failure
8861,Power Failure
1175,Power Failure
6602,Power Failure
7343,Power Failure
5056,Power Failure
654,Power Failure
6264,Power Failure
6775,Power Failure
9787,Power Failure
462,Power Failure
9292,Power Failure
9688,Power Failure
5388,Power Failure
5492,Power Failure
9965,Power Failure
6671,Power Failure
9746,Power Failure
6379,Power Failure
7676,Power Failure
138,Power Failure
9010,Power Failure
576,Power Failure
3714,Power Failure
2874,Power Failure
5404,Power Failure
8036,Power Failure
7708,Power Failure
2955,Power Failure
1295,Power Failure
4861,Power Failure
2066,Power Failure
7057,Power Failure
861,Power Failure
3151,Power Failure
5601,Power Failure
4091,Power Failure
3588,Power Failure
8215,Power Failure
3974,Power Failure
8514,Power Failure
9293,Power Failure
6525,Power Failure
5940,Power Failure
5201,Power Failure
9039,Power Failure
1605,Power Failure
8833,Power Failure
7638,Power Failure
6075,Power Failure
445,Power Failure
6191,Power Failure
3343,Power Failure
3783,Power Failure
4637,Power Failure
3290,Power Failure
3429,Power Failure
2381,Power Failure
8790,Power Failure
4615,Power Failure
5324,Power Failure
295,Power Failure
1025,Power Failure
5689,Power Failure
8118,Power Failure
7554,Power Failure
8748,Power Failure
7649,Power Failure
2327,Power Failure
5714,Power Failure
3218,Power Failure
2403,Power Failure
5161,Power Failure
6916,Power Failure
6408,Power Failure
7212,Power Failure
2449,Power Failure
5921,Power Failure
5426,Power Failure
9678,Power Failure
3748,Power Failure
7936,Power Failure
4022,Power Failure
2044,Power Failure
3817,Power Failure
3848,Power Failure
8811,Power Failure
4058,Power Failure
312,Power Failure
7654,Power Failure
1369,Power Failure
4886,Power Failure
2386,Power Failure
7680,Power Failure
6788,Power Failure
5405,Power Failure
363,Power Failure
4565,Power Failure
177,Power Failure
1433,Power Failure
2142,Power Failure
3173,Power Failure
987,Power Failure
4889,Power Failure
8336,Power Failure
9946,Power Failure
2141,Power Failure
7628,Power Failure
8394,Power Failure
8757,Power Failure
7811,Power Failure
8165,Power Failure
5156,Power Failure
3646,Power Failure
2157,Power Failure
6596,Power Failure
3230,Power Failure
9801,Power Failure
7158,Power Failure
6002,Power Failure
8510,Power Failure
7880,Power Failure
9442,Power Failure
1491,Power Failure
460,Power Failure
3574,Power Failure
8883,Power Failure
1951,Power Failure
2325,Power Failure
737,Power Failure
1591,Power Failure
4933,Power Failure
5437,Power Failure
4198,Power Failure
15,Power Failure
5719,Power Failure
7695,Power Failure
9062,Power Failure
3847,Power Failure
1043,Power Failure
1388,Power Failure
4300,Power Failure
3062,Power Failure
7140,Power Failure
1087,Power Failure
8225,Power Failure
8697,Power Failure
2510,Power Failure
2484,Power Failure
6136,Power Failure
8072,Power Failure
5468,Power Failure
1537,Power Failure
1372,Power Failure
9153,Power Failure
7834,Power Failure
2535,Power Failure
641,Power Failure
8544,Power Failure
8590,Power Failure
7368,Power Failure
778,Power Failure
6015,Power Failure
50,Power Failure
4915,Power Failure
7937,Power Failure
6097,Power Failure
4855,Power Failure
8491,Power Failure
3268,Power Failure
2860,Power Failure
2882,Power Failure
7921,Power Failure
1532,Power Failure
773,Power Failure
410,Power Failure
9968,Power Failure
1451,Power Failure
7872,Power Failure
1248,Power Failure
4169,Power Failure
7251,Power Failure
1645,Power Failure
4112,Power Failure
7632,Power Failure
3533,Power Failure
483,Power Failure
3047,Power Failure
3287,Power Failure
2653,Power Failure
3770,Power Failure
9111,Power Failure
4585,Power Failure
9986,Power Failure
8709,Power Failure
8708,Power Failure
8229,Power Failure
4790,Power Failure
6530,Power Failure
4298,Power Failure
5513,Power Failure
2831,Power Failure
879,Power Failure
7180,Power Failure
5599,Power Failure
2686,Power Failure
2159,Power Failure
706,Power Failure
7650,Power Failure
6299,Power Failure
6358,Power Failure
9683,Power Failure
977,Power Failure
1255,Power Failure
7580,Power Failure
3666,Power Failure
9555,Power Failure
3655,Power Failure
6022,Power Failure
7835,Power Failure
9233,Power Failure
9400,Power Failure
3712,Power Failure
4899,Power Failure
4639,Power Failure
7171,Power Failure
8892,Power Failure
8223,Power Failure
8551,Power Failure
3194,Power Failure
8902,Power Failure
6990,Power Failure
8650,Power Failure
3820,Power Failure
1072,Power Failure
9531,Power Failure
2868,Power Failure
472,Power Failure
9923,Power Failure
8260,Power Failure
9121,Power Failure
1209,Power Failure
4232,Power Failure
3980,Power Failure
4110,Power Failure
4517,Power Failure
6161,Power Failure
1219,Power Failure
7127,Power Failure
91,Power Failure
9898,Power Failure
8566,Power Failure
1957,Power Failure
9283,Power Failure
502,Power Failure
3088,Power Failure
2181,Power Failure
2559,Power Failure
2103,Power Failure
757,Power Failure
9018,Power Failure
6220,Power Failure
6557,Power Failure
5244,Power Failure
7260,Power Failure
1908,Power Failure
4810,Power Failure
740,Power Failure
393,Power Failure
8503,Power Failure
1658,Power Failure
4142,Power Failure
4294,Power Failure
5759,Power Failure
8711,Power Failure
7853,Power Failure
2344,Power Failure
584,Power Failure
9813,Power Failure
3208,Power Failure
1064,Power Failure
6629,Power Failure
2631,Power Failure
6783,Power Failure
1742,Power Failure
8710,Power Failure
2444,Power Failure
9222,Power Failure
5403,Power Failure
5040,Power Failure
6987,Power Failure
2039,Power Failure
7581,Power Failure
214,Power Failure
5613,Power Failure
3618,Power Failure
4755,Power Failure
9429,Power Failure
5152,Power Failure
4240,Power Failure
2184,Power Failure
2010,Power Failure
5690,Power Failure
3205,Power Failure
1479,Power Failure
8899,Power Failure
501,Power Failure
1738,Power Failure
8176,Power Failure
9383,Power Failure
2340,Power Failure
8908,Power Failure
2276,Power Failure
5387,Power Failure
1800,Power Failure
1306,Power Failure
3754,Power Failure
1912,Power Failure
5611,Power Failure
7045,Power Failure
6899,Power Failure
5003,Power Failure
6502,Power Failure
1258,Power Failure
8632,Power Failure
5520,Power Failure
2437,Power Failure
3503,Power Failure
2328,Power Failure
3438,Power Failure
6957,Power Failure
5631,Power Failure
8934,Power Failure
3388,Power Failure
832,Power Failure
7974,Power Failure
1609,Power Failure
9164,Power Failure
700,Power Failure
9054,Power Failure
427,Power Failure
8485,Power Failure
8802,Power Failure
3513,Power Failure
6343,Power Failure
9334,Power Failure
2409,Power Failure
835,Power Failure
5984,Power Failure
6169,Power Failure
1501,Power Failure
5051,Power Failure
9461,Power Failure
1534,Power Failure
8548,Power Failure
3521,Power Failure
1151,Power Failure
8781,Power Failure
7215,Power Failure
9486,Power Failure
6444,Power Failure
5446,Power Failure
8022,Power Failure
6594,Power Failure
7873,Power Failure
9338,Power Failure
9571,Power Failure
1975,Power Failure
5896,Power Failure
6764,Power Failure
2368,Power Failure
8920,Power Failure
6026,Power Failure
4348,Power Failure
3787,Power Failure
5789,Power Failure
7131,Power Failure
4931,Power Failure
4148,Power Failure
7297,Power Failure
1864,Power Failure
8379,Power Failure
9432,Power Failure
1852,Power Failure
5251,Power Failure
6039,Power Failure
2222,Power Failure
417,Power Failure
1223,Power Failure
5101,Power Failure
1652,Power Failure
810,Power Failure
3732,Power Failure
797,Power Failure
7809,Power Failure
8347,Power Failure
5368,Power Failure
989,Power Failure
9197,Power Failure
9260,Power Failure
5293,Power Failure
261,Power Failure
5248,Power Failure
3235,Power Failure
6301,Power Failure
5202,Power Failure
3746,Power Failure
6293,Power Failure
8281,Power Failure
2191,Power Failure
6440,Power Failure
2336,Power Failure
4019,Power Failure
3129,Power Failure
5429,Power Failure
4561,Power Failure
6254,Power Failure
2228,Power Failure
5900,Power Failure
2306,Power Failure
5998,Power Failure
4355,Power Failure
5224,Power Failure
3349,Power Failure
3431,Power Failure
1607,Power Failure
4178,Power Failure
9240,Power Failure
6479,Power Failure
7533,Power Failure
6582,Power Failure
833,Power Failure
9088,Power Failure
1348,Power Failure
7797,Power Failure
3526,Power Failure
3502,Power Failure
3809,Power Failure
4530,Power Failure
6009,Power Failure
4338,Power Failure
3512,Power Failure
4041,Power Failure
2592,Power Failure
3489,Power Failure
2959,Power Failure
7795,Power Failure
3507,Power Failure
7014,Power Failure
9423,Power Failure
7828,Power Failure
8164,Power Failure
6971,Power Failure
7969,Power Failure
5756,Power Failure
2738,Power Failure
2453,Power Failure
4659,Power Failure
4403,Power Failure
5790,Power Failure
1673,Power Failure
5054,Power Failure
4474,Power Failure
7798,Power Failure
8578,Power Failure
1317,Power Failure
6232,Power Failure
8262,Power Failure
9945,Power Failure
818,Power Failure
2382,Power Failure
8818,Power Failure
71,Power Failure
1267,Power Failure
1578,Power Failure
9213,Power Failure
1681,Power Failure
3967,Power Failure
1326,Power Failure
1366,Power Failure
3677,Power Failure
9718,Power Failure
1091,Power Failure
2457,Power Failure
8808,Power Failure
6834,Power Failure
5679,Power Failure
9507,Power Failure
9274,Power Failure
4020,Power Failure
656,Power Failure
1772,Power Failure
3111,Power Failure
6290,Power Failure
5657,Power Failure
1751,Power Failure
75,Power Failure
5661,Power Failure
1928,Power Failure
1543,Power Failure
3615,Power Failure
8219,Power Failure
3505,Power Failure
5339,Power Failure
6380,Power Failure
1964,Power Failure
2129,Power Failure
2241,Power Failure
3667,Power Failure
6714,Power Failure
6389,Power Failure
2593,Power Failure
171,Power Failure
5841,Power Failure
2097,Power Failure
9624,Power Failure
5267,Power Failure
3251,Power Failure
9859,Power Failure
5139,Power Failure
3206,Power Failure
9780,Power Failure
3586,Power Failure
3722,Power Failure
1815,Power Failure
2346,Power Failure
6149,Power Failure
2707,Power Failure
5849,Power Failure
5793,Power Failure
1310,Power Failure
5372,Power Failure
210,Power Failure
3443,Power Failure
2902,Power Failure
4529,Power Failure
9505,Power Failure
8906,Power Failure
9649,Power Failure
2899,Power Failure
285,Power Failure
6352,Power Failure
3080,Power Failure
9157,Power Failure
1005,Power Failure
9602,Power Failure
8283,Power Failure
457,Power Failure
8683,Power Failure
7086,Power Failure
4231,Power Failure
8954,Power Failure
6042,Power Failure
352,Power Failure
399,Power Failure
3450,Power Failure
1190,Power Failure
4307,Power Failure
217,Power Failure
3605,Power Failure
9060,Power Failure
7914,Power Failure
7609,Power Failure
3048,Power Failure
3883,Power Failure
9194,Power Failure
6340,Power Failure
321,Power Failure
186,Power Failure
5565,Power Failure
3090,Power Failure
6271,Power Failure
1839,Power Failure
2258,Power Failure
529,Power Failure
4578,Power Failure
4843,Power Failure
7216,Power Failure
5208,Power Failure
2800,Power Failure
5653,Power Failure
3802,Power Failure
2351,Power Failure
1862,Power Failure
3731,Power Failure
822,Power Failure
7849,Power Failure
10,Power Failure
9955,Power Failure
6973,Power Failure
5218,Power Failure
4761,Power Failure
4743,Power Failure
6122,Power Failure
3880,Power Failure
2240,Power Failure
1909,Power Failure
5470,Power Failure
8929,Power Failure
5769,Power Failure
548,Power Failure
6940,Power Failure
5833,Power Failure
5711,Power Failure
9984,Power Failure
1176,Power Failure
390,Power Failure
8769,Power Failure
216,Power Failure
3905,Power Failure
7482,Power Failure
3520,Power Failure
9657,Power Failure
7932,Power Failure
9552,Power Failure
3102,Power Failure
7668,Power Failure
937,Power Failure
5453,Power Failure
8252,Power Failure
6956,Power Failure
2492,Power Failure
1438,Power Failure
3707,Power Failure
758,Power Failure
1456,Power Failure
5835,Power Failure
5709,Power Failure
9702,Power Failure
3943,Power Failure
6261,Power Failure
6158,Power Failure
5762,Power Failure
4256,Power Failure
3979,Power Failure
1665,Power Failure
9513,Power Failure
6585,Power Failure
9337,Power Failure
1027,Power Failure
4012,Power Failure
3803,Power Failure
8366,Power Failure
4945,Power Failure
814,Power Failure
4604,Power Failure
2668,Power Failure
9339,Power Failure
4007,Power Failure
8424,Power Failure
4914,Power Failure
9444,Power Failure
9621,Power Failure
955,Power Failure
7437,Power Failure
5409,Power Failure
3407,Power Failure
6758,Power Failure
6556,Power Failure
4543,Power Failure
9296,Power Failure
2550,Power Failure
282,Power Failure
3553,Power Failure
6218,Power Failure
9253,Power Failure
6738,Power Failure
6927,Power Failure
9903,Power Failure
1076,Power Failure
1321,Power Failure
7218,Power Failure
4209,Power Failure
759,Power Failure
5639,Power Failure
1307,Power Failure
7470,Power Failure
8664,Power Failure
7555,Power Failure
8103,Power Failure
7844,Power Failure
509,Power Failure
738,Power Failure
9068,Power Failure
2153,Power Failure
2096,Power Failure
9503,Power Failure
5084,Power Failure
5522,Power Failure
8445,Power Failure
8197,Power Failure
8441,Power Failure
6197,Power Failure
2056,Power Failure
9929,Power Failure
852,Power Failure
3534,Power Failure
2273,Power Failure
8831,Power Failure
2384,Power Failure
6726,Power Failure
9468,Power Failure
913,Power Failure
7303,Power Failure
665,Power Failure
7724,Power Failure
7971,Power Failure
5905,Power Failure
7924,Power Failure
8882,Power Failure
6400,Power Failure
376,Power Failure
3484,Power Failure
2296,Power Failure
2976,Power Failure
1139,Power Failure
103,Power Failure
2174,Power Failure
527,Power Failure
9378,Power Failure
3225,Power Failure
3134,Power Failure
4074,Power Failure
173,Power Failure
2069,Power Failure
601,Power Failure
6469,Power Failure
8275,Power Failure
2323,Power Failure
106,Power Failure
9833,Power Failure
1059,Power Failure
678,Power Failure
5831,Power Failure
5045,Power Failure
2061,Power Failure
1411,Power Failure
5574,Power Failure
1980,Power Failure
6482,Power Failure
704,Power Failure
6334,Power Failure
6455,Power Failure
4130,Power Failure
7584,Power Failure
9306,Power Failure
9536,Power Failure
5897,Power Failure
435,Power Failure
9850,Power Failure
9193,Power Failure
8216,Power Failure
5625,Power Failure
1796,Power Failure
5365,Power Failure
2305,Power Failure
8025,Power Failure
6963,Power Failure
1119,Power Failure
8211,Power Failure
4314,Power Failure
6117,Power Failure
7142,Power Failure
1663,Power Failure
5021,Power Failure
3058,Power Failure
1617,Power Failure
7388,Power Failure
8066,Power Failure
5167,Power Failure
461,Power Failure
9131,Power Failure
5551,Power Failure
781,Power Failure
7195,Power Failure
6409,Power Failure
8819,Power Failure
8946,Power Failure
4681,Power Failure
9640,Power Failure
9797,Power Failure
3045,Power Failure
3224,Power Failure
5843,Power Failure
3991,Power Failure
7223,Power Failure
890,Power Failure
7583,Power Failure
375,Power Failure
1362,Power Failure
9307,Power Failure
7689,Power Failure
1265,Power Failure
996,Power Failure
4791,Power Failure
7682,Power Failure
5915,Power Failure
2529,Power Failure
1418,Power Failure
1225,Power Failure
998,Power Failure
6890,Power Failure
7588,Power Failure
2590,Power Failure
3861,Power Failure
6522,Power Failure
1631,Power Failure
6093,Power Failure
5130,Power Failure
2254,Power Failure
6882,Power Failure
3123,Power Failure
3804,Power Failure
3641,Power Failure
847,Power Failure
2105,Power Failure
4087,Power Failure
7273,Power Failure
6568,Power Failure
6427,Power Failure
9760,Power Failure
8825,Power Failure
6328,Power Failure
3136,Power Failure
6870,Power Failure
4373,Power Failure
3202,Power Failure
6499,Power Failure
4804,Power Failure
5088,Power Failure
6120,Power Failure
8506,Power Failure
3608,Power Failure
3874,Power Failure
401,Power Failure
3522,Power Failure
9020,Power Failure
6759,Power Failure
8944,Power Failure
8770,Power Failure
8658,Power Failure
111,Power Failure
7792,Power Failure
9535,Power Failure
7038,Power Failure
4376,Power Failure
4785,Power Failure
1879,Power Failure
3987,Power Failure
5073,Power Failure
143,Power Failure
9914,Power Failure
8289,Power Failure
5105,Power Failure
4938,Power Failure
6861,Power Failure
5825,Power Failure
7488,Power Failure
6654,Power Failure
2540,Power Failure
6053,Power Failure
8520,Power Failure
7219,Power Failure
7433,Power Failure
7759,Power Failure
2219,Power Failure
556,Power Failure
8413,Power Failure
5829,Power Failure
1173,Power Failure
761,Power Failure
6580,Power Failure
9137,Power Failure
649,Power Failure
3028,Power Failure
4980,Power Failure
7556,Power Failure
2047,Power Failure
6205,Power Failure
6737,Power Failure
7346,Power Failure
9393,Power Failure
3909,Power Failure
3617,Power Failure
1065,Power Failure
1574,Power Failure
4536,Power Failure
5949,Power Failure
1058,Power Failure
1220,Power Failure
1568,Power Failure
9355,Power Failure
3928,Power Failure
222,Power Failure
707,Power Failure
4877,Power Failure
7619,Power Failure
2967,Power Failure
588,Power Failure
6974,Power Failure
6492,Power Failure
9067,Power Failure
2318,Power Failure
2040,Power Failure
3462,Power Failure
484,Power Failure
6798,Power Failure
2764,Power Failure
5780,Power Failure
207,Power Failure
1429,Power Failure
2736,Power Failure
4482,Power Failure
3607,Power Failure
4835,Power Failure
8407,Power Failure
6247,Power Failure
1592,Power Failure
3095,Power Failure
187,Power Failure
1544,Power Failure
6787,Power Failure
6183,Power Failure
1051,Power Failure
6181,Power Failure
2716,Power Failure
3910,Power Failure
1545,Power Failure
627,Power Failure
5454,Power Failure
8916,Power Failure
6885,Power Failure
124,Power Failure
2322,Power Failure
3383,Power Failure
7135,Power Failure
1245,Power Failure
7132,Power Failure
2834,Power Failure
4412,Power Failure
1817,Power Failure
2554,Power Failure
6578,Power Failure
5976,Power Failure
8571,Power Failure
9591,Power Failure
9770,Power Failure
6074,Power Failure
6751,Power Failure
7509,Power Failure
2747,Power Failure
570,Power Failure
9449,Power Failure
322,Power Failure
2111,Power Failure
9145,Power Failure
8331,Power Failure
5351,Power Failure
3500,Power Failure
1603,Power Failure
9581,Power Failure
5856,Power Failure
1408,Power Failure
3301,Power Failure
3213,Power Failure
724,Power Failure
9849,Power Failure
663,Power Failure
4435,Power Failure
1727,Power Failure
147,Power Failure
1365,Power Failure
4554,Power Failure
5590,Power Failure
3430,Power Failure
1235,Power Failure
5007,Power Failure
3137,Power Failure
7697,Power Failure
8721,Power Failure
8137,Power Failure
9534,Power Failure
2418,Power Failure
9674,Power Failure
8444,Power Failure
8832,Power Failure
6365,Power Failure
6797,Power Failure
1682,Power Failure
2391,Power Failure
9789,Power Failure
219,Power Failure
5541,Power Failure
622,Power Failure
8324,Power Failure
7166,Power Failure
9495,Power Failure
6312,Power Failure
9726,Power Failure
4895,Power Failure
4181,Power Failure
6710,Power Failure
6631,Power Failure
1868,Power Failure
531,Power Failure
3109,Power Failure
7911,Power Failure
1517,Power Failure
2102,Power Failure
767,Power Failure
2723,Power Failure
2663,Power Failure
6045,Power Failure
3034,Power Failure
6720,Power Failure
7870,Power Failure
7981,Power Failure
6807,Power Failure
4716,Power Failure
3486,Power Failure
8869,Power Failure
6622,Power Failure
5592,Power Failure
6155,Power Failure
4893,Power Failure
5583,Power Failure
9798,Power Failure
6878,Power Failure
2297,Power Failure
3793,Power Failure
1744,Power Failure
3501,Power Failure
371,Power Failure
4344,Power Failure
5118,Power Failure
9358,Power Failure
8455,Power Failure
6230,Power Failure
8190,Power Failure
4085,Power Failure
8637,Power Failure
3422,Power Failure
3482,Power Failure
3999,Power Failure
8629,Power Failure
4215,Power Failure
6666,Power Failure
9147,Power Failure
7560,Power Failure
5696,Power Failure
4569,Power Failure
9318,Power Failure
3067,Power Failure
3511,Power Failure
3387,Power Failure
7358,Power Failure
6960,Power Failure
2090,Power Failure
5596,Power Failure
8051,Power Failure
549,Power Failure
3436,Power Failure
3081,Power Failure
9616,Power Failure
4906,Power Failure
2213,Power Failure
8304,Power Failure
9322,Power Failure
9376,Power Failure
9458,Power Failure
1590,Power Failure
3988,Power Failure
5604,Power Failure
9879,Power Failure
4522,Power Failure
5428,Power Failure
1610,Power Failure
8979,Power Failure
6028,Power Failure
7923,Power Failure
8724,Power Failure
8776,Power Failure
360,Power Failure
1110,Power Failure
3690,Power Failure
8623,Power Failure
5997,Power Failure
4172,Power Failure
851,Power Failure
9806,Power Failure
2450,Power Failure
3217,Power Failure
2331,Power Failure
843,Power Failure
3765,Power Failure
1318,Power Failure
659,Power Failure
6590,Power Failure
5303,Power Failure
4994,Power Failure
6425,Power Failure
2775,Power Failure
9604,Power Failure
554,Power Failure
2949,Power Failure
4677,Power Failure
436,Power Failure
9842,Power Failure
229,Power Failure
6490,Power Failure
9729,Power Failure
3590,Power Failure
4981,Power Failure
721,Power Failure
6020,Power Failure
3675,Power Failure
6591,Power Failure
8773,Power Failure
5141,Power Failure
4497,Power Failure
6920,Power Failure
4048,Power Failure
748,Power Failure
864,Power Failure
7080,Power Failure
6463,Power Failure
6858,Power Failure
6058,Power Failure
4869,Power Failure
3525,Power Failure
1097,Power Failure
9136,Power Failure
9483,Power Failure
4014,Power Failure
6035,Power Failure
3160,Power Failure
1915,Power Failure
4377,Power Failure
6713,Power Failure
8414,Power Failure
6763,Power Failure
7854,Power Failure
826,Power Failure
2071,Power Failure
8621,Power Failure
1627,Power Failure
2164,Power Failure
2155,Power Failure
382,Power Failure
3478,Power Failure
6617,Power Failure
3973,Power Failure
2156,Power Failure
139,Power Failure
4472,Power Failure
7468,Power Failure
1099,Power Failure
5194,Power Failure
142,Power Failure
8715,Power Failure
4456,Power Failure
5916,Power Failure
869,Power Failure
8565,Power Failure
3539,Power Failure
9377,Power Failure
8267,Power Failure
5065,Power Failure
212,Power Failure
7451,Power Failure
7318,Power Failure
101,Power Failure
6284,Power Failure
7656,Power Failure
4434,Power Failure
4330,Power Failure
4679,Power Failure
552,Power Failure
2205,Power Failure
8097,Power Failure
7349,Power Failure
8010,Power Failure
3138,Power Failure
4991,Power Failure
7374,Power Failure
7736,Power Failure
2271,Power Failure
9454,Power Failure
3523,Power Failure
5455,Power Failure
9956,Power Failure
412,Power Failure
9771,Power Failure
905,Power Failure
1945,Power Failure
1128,Power Failure
8082,Power Failure
3647,Power Failure
4975,Power Failure
4454,Power Failure
1345,Power Failure
4751,Power Failure
2988,Power Failure
4671,Power Failure
1328,Power Failure
7577,Power Failure
3,Power Failure
7483,Power Failure
6571,Power Failure
6855,Power Failure
2110,Power Failure
9071,Power Failure
1770,Power Failure
3355,Power Failure
2432,Power Failure
5498,Power Failure
6531,Power Failure
6280,Power Failure
4034,Power Failure
1788,Power Failure
4747,Power Failure
9022,Power Failure
1884,Power Failure
5753,Power Failure
9791,Power Failure
8083,Power Failure
7146,Power Failure
8519,Power Failure
9653,Power Failure
7513,Power Failure
8680,Power Failure
6056,Power Failure
4379,Power Failure
6634,Power Failure
2009,Power Failure
8155,Power Failure
8948,Power Failure
6105,Power Failure
5799,Power Failure
2709,Power Failure
7558,Power Failure
3107,Power Failure
573,Power Failure
6424,Power Failure
8534,Power Failure
5797,Power Failure
8032,Power Failure
6324,Power Failure
3828,Power Failure
1278,Power Failure
4452,Power Failure
9061,Power Failure
8462,Power Failure
9762,Power Failure
9471,Power Failure
9159,Power Failure
5828,Power Failure
4986,Power Failure
3841,Power Failure
3072,Power Failure
6611,Power Failure
7160,Power Failure
3404,Power Failure
7224,Power Failure
7975,Power Failure
2225,Power Failure
8530,Power Failure
1427,Power Failure
3957,Power Failure
3800,Power Failure
8038,Power Failure
4753,Power Failure
5217,Power Failure
874,Power Failure
6507,Power Failure
936,Power Failure
123,Power Failure
3348,Power Failure
2962,Power Failure
4177,Power Failure
6754,Power Failure
6874,Power Failure
5396,Power Failure
1613,Power Failure
6851,Power Failure
8033,Power Failure
1419,Power Failure
1756,Power Failure
2026,Power Failure
7765,Power Failure
1773,Power Failure
5732,Power Failure
2233,Power Failure
2912,Power Failure
349,Power Failure
1472,Power Failure
7653,Power Failure
7002,Power Failure
1101,Power Failure
8857,Power Failure
5726,Power Failure
886,Power Failure
8969,Power Failure
2995,Power Failure
20,Power Failure
4558,Power Failure
4370,Power Failure
7419,Power Failure
4236,Power Failure
3888,Power Failure
1015,Power Failure
1439,Power Failure
5144,Power Failure
7521,Power Failure
903,Power Failure
1476,Power Failure
3578,Power Failure
5902,Power Failure
8603,Power Failure
3265,Power Failure
8836,Power Failure
5708,Power Failure
6435,Power Failure
5763,Power Failure
7891,Power Failure
3050,Power Failure
7615,Power Failure
7966,Power Failure
6504,Power Failure
2209,Power Failure
6936,Power Failure
2999,Power Failure
2947,Power Failure
4235,Power Failure
7228,Power Failure
3258,Power Failure
4155,Power Failure
1205,Power Failure
3932,Power Failure
1081,Power Failure
9900,Power Failure
5913,Power Failure
4675,Power Failure
1251,Power Failure
5308,Power Failure
1890,Power Failure
6385,Power Failure
5158,Power Failure
5930,Power Failure
3626,Power Failure
3983,Power Failure
6163,Power Failure
8156,Power Failure
4924,Power Failure
6829,Power Failure
1650,Power Failure
5879,Power Failure
660,Power Failure
9708,Power Failure
9684,Power Failure
441,Power Failure
1639,Power Failure
77,Power Failure
6497,Power Failure
4963,Power Failure
5608,Power Failure
5838,Power Failure
6510,Power Failure
6454,Power Failure
2685,Power Failure
9542,Power Failure
6520,Power Failure
742,Power Failure
1233,Power Failure
1618,Power Failure
8128,Power Failure
6718,Power Failure
5107,Power Failure
3377,Power Failure
2104,Power Failure
862,Power Failure
4827,Power Failure
1654,Power Failure
7114,Power Failure
3536,Power Failure
317,Power Failure
9372,Power Failure
7694,Power Failure
7279,Power Failure
4176,Power Failure
7731,Power Failure
1485,Power Failure
1651,Power Failure
7908,Power Failure
7213,Power Failure
9808,Power Failure
3241,Power Failure
8981,Power Failure
8450,Power Failure
3162,Power Failure
2189,Power Failure
4995,Power Failure
9736,Power Failure
1861,Power Failure
4116,Power Failure
6761,Power Failure
3248,Power Failure
14,Power Failure
6762,Power Failure
5091,Power Failure
2021,Power Failure
1465,Power Failure
9570,Power Failure
8646,Power Failure
9196,Power Failure
7181,Power Failure
2542,Power Failure
3347,Power Failure
3149,Power Failure
6251,Power Failure
3183,Power Failure
9093,Power Failure
9634,Power Failure
8472,Power Failure
21,Power Failure
5509,Power Failure
8091,Power Failure
6934,Power Failure
5725,Power Failure
6721,Power Failure
6748,Power Failure
834,Power Failure
9380,Power Failure
7785,Power Failure
3084,Power Failure
3573,Power Failure
4574,Power Failure
288,Power Failure
8820,Power Failure
9844,Power Failure
6171,Power Failure
8685,Power Failure
6906,Power Failure
5338,Power Failure
1498,Power Failure
4692,Power Failure
8163,Power Failure
203,Power Failure
9352,Power Failure
5818,Power Failure
4955,Power Failure
7497,Power Failure
8779,Power Failure
6347,Power Failure
6745,Power Failure
4846,Power Failure
3005,Power Failure
5874,Power Failure
3078,Power Failure
5953,Power Failure
2004,Power Failure
4443,Power Failure
3664,Power Failure
2974,Power Failure
9755,Power Failure
6589,Power Failure
8364,Power Failure
7097,Power Failure
518,Power Failure
9916,Power Failure
4473,Power Failure
6653,Power Failure
9082,Power Failure
850,Power Failure
2769,Power Failure
5650,Power Failure
76,Power Failure
1383,Power Failure
8062,Power Failure
1055,Power Failure
1844,Power Failure
7423,Power Failure
2727,Power Failure
551,Power Failure
9312,Power Failure
7919,Power Failure
6613,Power Failure
9790,Power Failure
354,Power Failure
876,Power Failure
7227,Power Failure
6975,Power Failure
9182,Power Failure
1706,Power Failure
3454,Power Failure
8955,Power Failure
1106,Power Failure
6132,Power Failure
8235,Power Failure
5033,Power Failure
3381,Power Failure
3283,Power Failure
55,Power Failure
158,Power Failure
1379,Power Failure
6926,Power Failure
2120,Power Failure
9397,Power Failure
2869,Power Failure
893,Power Failure
2783,Power Failure
3378,Power Failure
7220,Power Failure
2465,Power Failure
5749,Power Failure
1178,Power Failure
2752,Power Failure
9117,Power Failure
35,Power Failure
4066,Power Failure
6935,Power Failure
2700,Power Failure
6244,Power Failure
1370,Power Failure
6715,Power Failure
8233,Power Failure
5768,Power Failure
1126,Power Failure
3551,Power Failure
895,Power Failure
5082,Power Failure
6188,Power Failure
4200,Power Failure
4175,Power Failure
9722,Power Failure
5349,Power Failure
7876,Power Failure
7190,Power Failure
4990,Power Failure
6198,Power Failure
8238,Power Failure
1754,Power Failure
2330,Power Failure
6265,Power Failure
7602,Power Failure
5247,Power Failure
3965,Power Failure
6662,Power Failure
9382,Power Failure
9142,Power Failure
3609,Power Failure
7175,Power Failure
3007,Power Failure
4638,Power Failure
8222,Power Failure
3434,Power Failure
4501,Power Failure
3826,Power Failure
7994,Power Failure
1699,Power Failure
2034,Power Failure
2636,Power Failure
2460,Power Failure
1870,Power Failure
9114,Power Failure
1414,Power Failure
5384,Power Failure
2830,Power Failure
4570,Power Failure
3669,Power Failure
4268,Power Failure
1826,Power Failure
9112,Power Failure
3414,Power Failure
7698,Power Failure
6059,Power Failure
6165,Power Failure
5087,Power Failure
4563,Power Failure
5597,Power Failure
4225,Power Failure
3221,Power Failure
2329,Power Failure
2694,Power Failure
1949,Power Failure
1376,Power Failure
9462,Power Failure
7783,Power Failure
4964,Power Failure
1697,Power Failure
5720,Power Failure
3171,Power Failure
667,Power Failure
4997,Power Failure
3575,Power Failure
750,Power Failure
6900,Power Failure
8904,Power Failure
489,Power Failure
9457,Power Failure
3709,Power Failure
5676,Power Failure
7983,Power Failure
1487,Power Failure
6323,Power Failure
5632,Power Failure
7677,Power Failure
1204,Power Failure
4273,Power Failure
8537,Power Failure
8477,Power Failure
9685,Power Failure
8600,Power Failure
409,Power Failure
7341,Power Failure
2146,Power Failure
5486,Power Failure
9350,Power Failure
6104,Power Failure
4795,Power Failure
9232,Power Failure
776,Power Failure
5378,Power Failure
9038,Power Failure
9473,Power Failure
3466,Power Failure
2197,Power Failure
4411,Power Failure
9263,Power Failure
5200,Power Failure
7229,Power Failure
9229,Power Failure
9667,Power Failure
1979,Power Failure
8893,Power Failure
7613,Power Failure
8239,Power Failure
8166,Power Failure
1781,Power Failure
5343,Power Failure
8361,Power Failure
9446,Power Failure
267,Power Failure
9734,Power Failure
4490,Power Failure
228,Power Failure
8531,Power Failure
594,Power Failure
7794,Power Failure
2139,Power Failure
8649,Power Failure
24,Power Failure
4341,Power Failure
2149,Power Failure
1490,Power Failure
4317,Power Failure
912,Power Failure
4818,Power Failure
4499,Power Failure
5151,Power Failure
1272,Power Failure
4089,Power Failure
338,Power Failure
5770,Power Failure
9928,Power Failure
1102,Power Failure
9116,Power Failure
3718,Power Failure
7204,Power Failure
9191,Power Failure
5540,Power Failure
8076,Power Failure
7192,Power Failure
9249,Power Failure
6968,Power Failure
468,Power Failure
8278,Power Failure
4765,Power Failure
5080,Power Failure
1203,Power Failure
2423,Power Failure
2121,Power Failure
6869,Power Failure
7963,Power Failure
8507,Power Failure
4731,Power Failure
3446,Power Failure
8751,Power Failure
7452,Power Failure
7357,Power Failure
5206,Power Failure
7617,Power Failure
3411,Power Failure
6966,Power Failure
383,Power Failure
8967,Power Failure
8718,Power Failure
7598,Power Failure
5172,Power Failure
1298,Power Failure
8692,Power Failure
7375,Power Failure
3961,Power Failure
346,Power Failure
264,Power Failure
7958,Power Failure
276,Power Failure
9679,Power Failure
1194,Power Failure
608,Power Failure
8556,Power Failure
7179,Power Failure
1137,Power Failure
6151,Power Failure
878,Power Failure
5281,Power Failure
5034,Power Failure
8194,Power Failure
2776,Power Failure
253,Power Failure
302,Power Failure
9836,Power Failure
2125,Power Failure
6044,Power Failure
607,Power Failure
1134,Power Failure
3395,Power Failure
9268,Power Failure
9244,Power Failure
2507,Power Failure
3419,Power Failure
8669,Power Failure
6501,Power Failure
7344,Power Failure
463,Power Failure
3922,Power Failure
821,Power Failure
6872,Power Failure
6519,Power Failure
4287,Power Failure
7162,Power Failure
8368,Power Failure
8454,Power Failure
6216,Power Failure
3444,Power Failure
9538,Power Failure
8645,Power Failure
2936,Power Failure
7910,Power Failure
5678,Power Failure
7425,Power Failure
6315,Power Failure
7455,Power Failure
9402,Power Failure
470,Power Failure
1919,Power Failure
1275,Power Failure
651,Power Failure
6856,Power Failure
5982,Power Failure
4319,Power Failure
2207,Power Failure
6703,Power Failure
5098,Power Failure
150,Power Failure
2826,Power Failure
2469,Power Failure
4076,Power Failure
4429,Power Failure
3652,Power Failure
6908,Power Failure
8492,Power Failure
4523,Power Failure
5817,Power Failure
4560,Power Failure
1078,Power Failure
7298,Power Failure
9952,Power Failure
9169,Power Failure
1847,Power Failure
4133,Power Failure
2553,Power Failure
7361,Power Failure
7102,Power Failure
2960,Power Failure
4897,Power Failure
1481,Power Failure
7720,Power Failure
259,Power Failure
6485,Power Failure
7926,Power Failure
9816,Power Failure
7312,Power Failure
1008,Power Failure
6138,Power Failure
8111,Power Failure
5209,Power Failure
4310,Power Failure
3418,Power Failure
2639,Power Failure
3956,Power Failure
1483,Power Failure
609,Power Failure
684,Power Failure
4811,Power Failure
3757,Power Failure
2948,Power Failure
1085,Power Failure
8789,Power Failure
7025,Power Failure
9474,Power Failure
5716,Power Failure
3869,Power Failure
152,Power Failure
8122,Power Failure
3693,Power Failure
3313,Power Failure
3867,Power Failure
4839,Power Failure
7767,Power Failure
2014,Power Failure
5859,Power Failure
7686,Power Failure
389,Power Failure
8116,Power Failure
5704,Power Failure
9508,Power Failure
3602,Power Failure
1105,Power Failure
3033,Power Failure
213,Power Failure
134,Power Failure
6207,Power Failure
2317,Power Failure
9878,Power Failure
7847,Power Failure
3328,Power Failure
1449,Power Failure
6802,Power Failure
8147,Power Failure
1259,Power Failure
6414,Power Failure
2220,Power Failure
6533,Power Failure
1094,Power Failure
6234,Power Failure
9939,Power Failure
8371,Power Failure
2719,Power Failure
7726,Power Failure
6353,Power Failure
4306,Power Failure
5302,Power Failure
7768,Power Failure
9874,Power Failure
4890,Power Failure
3592,Power Failure
3226,Power Failure
1003,Power Failure
4629,Power Failure
9130,Power Failure
6241,Power Failure
4669,Power Failure
679,Power Failure
1804,Power Failure
7442,Power Failure
5477,Power Failure
4549,Power Failure
6174,Power Failure
7176,Power Failure
3704,Power Failure
8098,Power Failure
8172,Power Failure
9493,Power Failure
6032,Power Failure
7964,Power Failure
7978,Power Failure
6073,Power Failure
1252,Power Failure
1644,Power Failure
56,Power Failure
644,Power Failure
9703,Power Failure
3865,Power Failure
9326,Power Failure
753,Power Failure
440,Power Failure
6100,Power Failure
9439,Power Failure
5939,Power Failure
558,Power Failure
1986,Power Failure
5889,Power Failure
6098,Power Failure
7093,Power Failure
5226,Power Failure
3161,Power Failure
8694,Power Failure
7418,Power Failure
1747,Power Failure
3342,Power Failure
2851,Power Failure
4258,Power Failure
3656,Power Failure
9735,Power Failure
2160,Power Failure
330,Power Failure
673,Power Failure
9699,Power Failure
6889,Power Failure
5505,Power Failure
4057,Power Failure
9855,Power Failure
8376,Power Failure
244,Power Failure
3413,Power Failure
8953,Power Failure
9989,Power Failure
2945,Power Failure
5179,Power Failure
1632,Power Failure
9097,Power Failure
926,Power Failure
5495,Power Failure
918,Power Failure
5451,Power Failure
2295,Power Failure
1187,Power Failure
9769,Power Failure
6842,Power Failure
1601,Power Failure
3651,Power Failure
4598,Power Failure
475,Power Failure
2750,Power Failure
9631,Power Failure
7173,Power Failure
2212,Power Failure
7851,Power Failure
5240,Power Failure
959,Power Failure
7108,Power Failure
991,Power Failure
3797,Power Failure
8780,Power Failure
8990,Power Failure
2720,Power Failure
1463,Power Failure
7208,Power Failure
6635,Power Failure
1049,Power Failure
8327,Power Failure
6407,Power Failure
2522,Power Failure
9773,Power Failure
3470,Power Failure
3589,Power Failure
9113,Power Failure
5075,Power Failure
8189,Power Failure
8991,Power Failure
2820,Power Failure
7394,Power Failure
1566,Power Failure
5979,Power Failure
6023,Power Failure
3795,Power Failure
6784,Power Failure
948,Power Failure
9648,Power Failure
7370,Power Failure
8930,Power Failure
7476,Power Failure
2929,Power Failure
2420,Power Failure
8187,Power Failure
7711,Power Failure
9824,Power Failure
4389,Power Failure
3059,Power Failure
8039,Power Failure
9597,Power Failure
1440,Power Failure
7642,Power Failure
7972,Power Failure
2343,Power Failure
8945,Power Failure
2580,Power Failure
8513,Power Failure
8874,Power Failure
5999,Power Failure
9208,Power Failure
4,Power Failure
5023,Power Failure
4460,Power Failure
898,Power Failure
7400,Power Failure
1930,Power Failure
7568,Power Failure
8145,Power Failure
1424,Power Failure
4826,Power Failure
5245,Power Failure
8313,Power Failure
5693,Power Failure
4382,Power Failure
5760,Power Failure
2051,Power Failure
116,Power Failure
9090,Power Failure
5439,Power Failure
7770,Power Failure
9520,Power Failure
1542,Power Failure
7134,Power Failure
4892,Power Failure
6222,Power Failure
2717,Power Failure
8714,Power Failure
2008,Power Failure
6778,Power Failure
6637,Power Failure
9265,Power Failure
524,Power Failure
3546,Power Failure
8564,Power Failure
8594,Power Failure
8217,Power Failure
7252,Power Failure
1384,Power Failure
3939,Power Failure
3938,Power Failure
9047,Power Failure
9346,Power Failure
1430,Power Failure
196,Power Failure
1200,Power Failure
1279,Power Failure
2888,Power Failure
9714,Power Failure
4840,Power Failure
5282,Power Failure
9329,Power Failure
1508,Power Failure
5826,Power Failure
1575,Power Failure
8468,Power Failure
3764,Power Failure
6664,Power Failure
4117,Power Failure
9314,Power Failure
8606,Power Failure
1797,Power Failure
5993,Power Failure
571,Power Failure
1771,Power Failure
6601,Power Failure
5634,Power Failure
7311,Power Failure
5773,Power Failure
973,Power Failure
9594,Power Failure
4573,Power Failure
7345,Power Failure
7687,Power Failure
8431,Power Failure
2166,Power Failure
8744,Power Failure
4021,Power Failure
5197,Power Failure
2171,Power Failure
1454,Power Failure
5946,Power Failure
6728,Power Failure
9235,Power Failure
5434,Power Failure
6931,Power Failure
9676,Power Failure
1177,Power Failure
7301,Power Failure
8852,Power Failure
4414,Power Failure
5622,Power Failure
2215,Power Failure
8824,Power Failure
4349,Power Failure
3263,Power Failure
542,Power Failure
5445,Power Failure
5807,Power Failure
8988,Power Failure
941,Power Failure
1648,Power Failure
2489,Power Failure
4653,Power Failure
8345,Power Failure
3350,Power Failure
7058,Power Failure
2081,Power Failure
1009,Power Failure
7477,Power Failure
8756,Power Failure
2521,Power Failure
7412,Power Failure
4031,Power Failure
9777,Power Failure
4239,Power Failure
5096,Power Failure
9102,Power Failure
2210,Power Failure
8003,Power Failure
6297,Power Failure
4974,Power Failure
5875,Power Failure
5042,Power Failure
6639,Power Failure
8365,Power Failure
1634,Power Failure
2198,Power Failure
2908,Power Failure
8495,Power Failure
7236,Power Failure
928,Power Failure
1019,Power Failure
6527,Power Failure
7320,Power Failure
4929,Power Failure
98,Power Failure
7843,Power Failure
209,Power Failure
4326,Power Failure
1452,Power Failure
4243,Power Failure
603,Power Failure
5231,Power Failure
9155,Power Failure
6850,Power Failure
4166,Power Failure
5876,Power Failure
7917,Power Failure
2019,Power Failure
4941,Power Failure
5480,Power Failure
539,Power Failure
6581,Power Failure
6037,Power Failure
5798,Power Failure
7049,Power Failure
5524,Power Failure
717,Power Failure
9595,Power Failure
4145,Power Failure
197,Power Failure
7603,Power Failure
7738,Power Failure
7890,Power Failure
5120,Power Failure
8743,Power Failure
3442,Power Failure
3483,Power Failure
4188,Power Failure
7543,Power Failure
7460,Power Failure
1872,Power Failure
5563,Power Failure
4572,Power Failure
7145,Power Failure
1840,Power Failure
9226,Power Failure
7589,Power Failure
2715,Power Failure
3545,Power Failure
114,Power Failure
6706,Power Failure
4923,Power Failure
5957,Power Failure
5552,Power Failure
1995,Power Failure
8205,Power Failure
7384,Power Failure
4247,Power Failure
7557,Power Failure
5018,Power Failure
8389,Power Failure
2933,Power Failure
2358,Power Failure
4513,Power Failure
5806,Power Failure
7903,Power Failure
6213,Power Failure
825,Power Failure
1876,Power Failure
7590,Power Failure
4396,Power Failure
1622,Power Failure
7500,Power Failure
5537,Power Failure
3900,Power Failure
7799,Power Failure
920,Power Failure
6304,Power Failure
8700,Power Failure
3490,Power Failure
2246,Power Failure
6812,Power Failure
9743,Power Failure
1707,Power Failure
1572,Power Failure
2832,Power Failure
626,Power Failure
8719,Power Failure
3064,Power Failure
3040,Power Failure
7800,Power Failure
1474,Power Failure
3424,Power Failure
7117,Power Failure
4318,Power Failure
2884,Power Failure
4494,Power Failure
4705,Power Failure
2802,Power Failure
7865,Power Failure
9650,Power Failure
3375,Power Failure
1989,Power Failure
7050,Power Failure
6769,Power Failure
9269,Power Failure
488,Power Failure
906,Power Failure
5184,Power Failure
8432,Power Failure
2456,Power Failure
6809,Power Failure
2555,Power Failure
2395,Power Failure
3717,Power Failure
1515,Power Failure
9204,Power Failure
23,Power Failure
4098,Power Failure
2342,Power Failure
5506,Power Failure
7832,Power Failure
3561,Power Failure
4803,Power Failure
4224,Power Failure
1333,Power Failure
2265,Power Failure
4673,Power Failure
5525,Power Failure
6982,Power Failure
9095,Power Failure
3688,Power Failure
4726,Power Failure
2906,Power Failure
6331,Power Failure
6003,Power Failure
2523,Power Failure
2564,Power Failure
8354,Power Failure
2630,Power Failure
8094,Power Failure
8209,Power Failure
7174,Power Failure
6321,Power Failure
3846,Power Failure
1503,Power Failure
4823,Power Failure
1769,Power Failure
5327,Power Failure
6793,Power Failure
6564,Power Failure
4083,Power Failure
9472,Power Failure
5121,Power Failure
8213,Power Failure
8641,Power Failure
1910,Power Failure
3998,Power Failure
8007,Power Failure
9185,Power Failure
8912,Power Failure
451,Power Failure
2294,Power Failure
4618,Power Failure
2943,Power Failure
5364,Power Failure
4687,Power Failure
86,Power Failure
9212,Power Failure
1042,Power Failure
7379,Power Failure
8174,Power Failure
7861,Power Failure
2143,Power Failure
2144,Power Failure
9890,Power Failure
190,Power Failure
1882,Power Failure
5519,Power Failure
3356,Power Failure
2266,Power Failure
7758,Power Failure
9637,Power Failure
5219,Power Failure
7778,Power Failure
3394,Power Failure
8430,Power Failure
3671,Power Failure
1231,Power Failure
8768,Power Failure
9853,Power Failure
2847,Power Failure
5148,Power Failure
5903,Power Failure
756,Power Failure
8447,Power Failure
7068,Power Failure
3384,Power Failure
4195,Power Failure
6448,Power Failure
2990,Power Failure
9745,Power Failure
2664,Power Failure
3023,Power Failure
7620,Power Failure
1431,Power Failure
485,Power Failure
7465,Power Failure
7024,Power Failure
7879,Power Failure
6395,Power Failure
993,Power Failure
8508,Power Failure
4006,Power Failure
2578,Power Failure
6250,Power Failure
3915,Power Failure
7608,Power Failure
4783,Power Failure
8812,Power Failure
9615,Power Failure
546,Power Failure
6862,Power Failure
4999,Power Failure
5966,Power Failure
7377,Power Failure
7874,Power Failure
1013,Power Failure
6476,Power Failure
5376,Power Failure
4115,Power Failure
8378,Power Failure
1728,Power Failure
1555,Power Failure
7115,Power Failure
9741,Power Failure
655,Power Failure
3410,Power Failure
8755,Power Failure
374,Power Failure
7928,Power Failure
2786,Power Failure
4881,Power Failure
5890,Power Failure
94,Power Failure
7128,Power Failure
2179,Power Failure
2387,Power Failure
5257,Power Failure
2641,Power Failure
5941,Power Failure
1114,Power Failure
1521,Power Failure
3598,Power Failure
4887,Power Failure
324,Power Failure
6170,Power Failure
7338,Power Failure
9861,Power Failure
3297,Power Failure
7527,Power Failure
9234,Power Failure
9438,Power Failure
7492,Power Failure
6810,Power Failure
1740,Power Failure
7294,Power Failure
9217,Power Failure
8742,Power Failure
9206,Power Failure
4026,Power Failure
5237,Power Failure
1299,Power Failure
1604,Power Failure
6382,Power Failure
4689,Power Failure
2200,Power Failure
5326,Power Failure
602,Power Failure
4655,Power Failure
1179,Power Failure
8693,Power Failure
6338,Power Failure
9704,Power Failure
7319,Power Failure
5887,Power Failure
8546,Power Failure
5006,Power Failure
8192,Power Failure
8716,Power Failure
9484,Power Failure
7747,Power Failure
7022,Power Failure
2204,Power Failure
6102,Power Failure
8837,Power Failure
5232,Power Failure
605,Power Failure
1984,Power Failure
4576,Power Failure
5591,Power Failure
7466,Power Failure
9651,Power Failure
4364,Power Failure
3981,Power Failure
7039,Power Failure
8294,Power Failure
969,Power Failure
5878,Power Failure
4520,Power Failure
428,Power Failure
3723,Power Failure
1983,Power Failure
5377,Power Failure
5582,Power Failure
2950,Power Failure
2487,Power Failure
309,Power Failure
4879,Power Failure
3449,Power Failure
5564,Power Failure
8482,Power Failure
9689,Power Failure
8798,Power Failure
6048,Power Failure
7315,Power Failure
1170,Power Failure
3474,Power Failure
1709,Power Failure
9210,Power Failure
3367,Power Failure
1953,Power Failure
836,Power Failure
793,Power Failure
586,Power Failure
9367,Power Failure
7008,Power Failure
9245,Power Failure
4978,Power Failure
8254,Power Failure
1246,Power Failure
1720,Power Failure
6333,Power Failure
3346,Power Failure
7044,Power Failure
7438,Power Failure
8043,Power Failure
2583,Power Failure
2632,Power Failure
6033,Power Failure
9455,Power Failure
2463,Power Failure
1557,Power Failure
3471,Power Failure
8717,Power Failure
9815,Power Failure
7118,Power Failure
5548,Power Failure
5748,Power Failure
3180,Power Failure
9847,Power Failure
4270,Power Failure
4954,Power Failure
8439,Power Failure
2966,Power Failure
7284,Power Failure
1006,Power Failure
9977,Power Failure
6438,Power Failure
3739,Power Failure
2654,Power Failure
6757,Power Failure
5846,Power Failure
6537,Power Failure
7935,Power Failure
5083,Power Failure
9783,Power Failure
8850,Power Failure
8295,Power Failure
2975,Power Failure
6457,Power Failure
709,Power Failure
13,Power Failure
1269,Power Failure
3904,Power Failure
8593,Power Failure
8421,Power Failure
1116,Power Failure
3962,Power Failure
5462,Power Failure
3728,Power Failure
1735,Power Failure
720,Power Failure
1920,Power Failure
5108,Power Failure
4510,Power Failure
6684,Power Failure
4727,Power Failure
744,Power Failure
2771,Power Failure
5449,Power Failure
7100,Power Failure
4229,Power Failure
5674,Power Failure
9101,Power Failure
1380,Power Failure
6546,Power Failure
3498,Power Failure
8774,Power Failure
7813,Power Failure
4697,Power Failure
1344,Power Failure
6705,Power Failure
1802,Power Failure
4587,Power Failure
8341,Power Failure
5683,Power Failure
2648,Power Failure
5238,Power Failure
2433,Power Failure
9647,Power Failure
652,Power Failure
9258,Power Failure
841,Power Failure
5481,Power Failure
7262,Power Failure
6433,Power Failure
5767,Power Failure
9407,Power Failure
8786,Power Failure
126,Power Failure
5068,Power Failure
4404,Power Failure
9619,Power Failure
990,Power Failure
8736,Power Failure
7285,Power Failure
7362,Power Failure
567,Power Failure
7286,Power Failure
6932,Power Failure
4901,Power Failure
3165,Power Failure
628,Power Failure
4873,Power Failure
4009,Power Failure
4339,Power Failure
1767,Power Failure
5914,Power Failure
585,Power Failure
8093,Power Failure
2767,Power Failure
8834,Power Failure
2524,Power Failure
8925,Power Failure
4378,Power Failure
1014,Power Failure
6532,Power Failure
1500,Power Failure
2486,Power Failure
4504,Power Failure
953,Power Failure
9050,Power Failure
2285,Power Failure
8511,Power Failure
5225,Power Failure
8282,Power Failure
1410,Power Failure
6318,Power Failure
7326,Power Failure
7567,Power Failure
9225,Power Failure
2263,Power Failure
6087,Power Failure
2530,Power Failure
4468,Power Failure
5935,Power Failure
2494,Power Failure
7065,Power Failure
4693,Power Failure
9606,Power Failure
8826,Power Failure
1646,Power Failure
6126,Power Failure
3713,Power Failure
5549,Power Failure
121,Power Failure
2055,Power Failure
2858,Power Failure
3243,Power Failure
2749,Power Failure
763,Power Failure
6866,Power Failure
3835,Power Failure
8107,Power Failure
188,Power Failure
9425,Power Failure
1856,Power Failure
5893,Power Failure
7163,Power Failure
9009,Power Failure
7693,Power Failure
7310,Power Failure
9040,Power Failure
3719,Power Failure
9456,Power Failure
9785,Power Failure
3516,Power Failure
8867,Power Failure
3672,Power Failure
7178,Power Failure
5865,Power Failure
8562,Power Failure
5687,Power Failure
7934,Power Failure
8392,Power Failure
6871,Power Failure
5747,Power Failure
9799,Power Failure
8835,Power Failure
5920,Power Failure
2461,Power Failure
7221,Power Failure
6106,Power Failure
9368,Power Failure
6024,Power Failure
6202,Power Failure
5133,Power Failure
4388,Power Failure
5253,Power Failure
1464,Power Failure
6346,Power Failure
5069,Power Failure
7529,Power Failure
6049,Power Failure
4108,Power Failure
4190,Power Failure
2031,Power Failure
7984,Power Failure
3233,Power Failure
8765,Power Failure
7997,Power Failure
2561,Power Failure
4905,Power Failure
4282,Power Failure
1547,Power Failure
6055,Power Failure
5114,Power Failure
3120,Power Failure
7156,Power Failure
7852,Power Failure
5192,Power Failure
2288,Power Failure
9906,Power Failure
7087,Power Failure
262,Power Failure
7342,Power Failure
9045,Power Failure
9345,Power Failure
7547,Power Failure
3594,Power Failure
2426,Power Failure
6283,Power Failure
7625,Power Failure
3288,Power Failure
1494,Power Failure
9733,Power Failure
5577,Power Failure
6694,Power Failure
4908,Power Failure
4061,Power Failure
1810,Power Failure
3464,Power Failure
3941,Power Failure
1401,Power Failure
5526,Power Failure
2572,Power Failure
3954,Power Failure
9554,Power Failure
7786,Power Failure
7254,Power Failure
7144,Power Failure
5020,Power Failure
6335,Power Failure
4505,Power Failure
4542,Power Failure
3622,Power Failure
9601,Power Failure
1443,Power Failure
2789,Power Failure
647,Power Failure
4477,Power Failure
2446,Power Failure
4448,Power Failure
3018,Power Failure
3951,Power Failure
5733,Power Failure
7323,Power Failure
7801,Power Failure
9725,Power Failure
7420,Power Failure
9579,Power Failure
7007,Power Failure
3698,Power Failure
3397,Power Failure
657,Power Failure
4487,Power Failure
2341,Power Failure
3902,Power Failure
4868,Power Failure
7211,Power Failure
8160,Power Failure
340,Power Failure
3307,Power Failure
3325,Power Failure
5026,Power Failure
6690,Power Failure
7658,Power Failure
5538,Power Failure
9007,Power Failure
7070,Power Failure
4564,Power Failure
3508,Power Failure
3359,Power Failure
8806,Power Failure
1160,Power Failure
635,Power Failure
6310,Power Failure
5516,Power Failure
9802,Power Failure
7949,Power Failure
3729,Power Failure
5274,Power Failure
7198,Power Failure
89,Power Failure
5422,Power Failure
6752,Power Failure
5883,Power Failure
4548,Power Failure
6081,Power Failure
3584,Power Failure
950,Power Failure
3699,Power Failure
8966,Power Failure
356,Power Failure
6445,Power Failure
2226,Power Failure
2852,Power Failure
5329,Power Failure
2678,Power Failure
978,Power Failure
6303,Power Failure
5694,Power Failure
325,Power Failure
5743,Power Failure
6942,Power Failure
7257,Power Failure
2173,Power Failure
319,Power Failure
4465,Power Failure
1667,Power Failure
6644,Power Failure
1357,Power Failure
8917,Power Failure
7277,Power Failure
9408,Power Failure
8523,Power Failure
2853,Power Failure
5963,Power Failure
1004,Power Failure
7149,Power Failure
4479,Power Failure
3633,Power Failure
9184,Power Failure
2551,Power Failure
8535,Power Failure
6185,Power Failure
3433,Power Failure
8689,Power Failure
2603,Power Failure
5163,Power Failure
9419,Power Failure
5665,Power Failure
4426,Power Failure
8843,Power Failure
3467,Power Failure
5877,Power Failure
7578,Power Failure
290,Power Failure
3026,Power Failure
4767,Power Failure
8296,Power Failure
6014,Power Failure
9841,Power Failure
7060,Power Failure
8947,Power Failure
9183,Power Failure
7995,Power Failure
6647,Power Failure
3871,Power Failure
508,Power Failure
4825,Power Failure
8271,Power Failure
8910,Power Failure
85,Power Failure
6979,Power Failure
7661,Power Failure
1192,Power Failure
5313,Power Failure
3958,Power Failure
3117,Power Failure
5072,Power Failure
8810,Power Failure
9109,Power Failure
1354,Power Failure
5942,Power Failure
4489,Power Failure
2710,Power Failure
5014,Power Failure
5977,Power Failure
8588,Power Failure
6814,Power Failure
3077,Power Failure
7986,Power Failure
6953,Power Failure
2048,Power Failure
2729,Power Failure
2361,Power Failure
8983,Power Failure
2410,Power Failure
6555,Power Failure
5385,Power Failure
7540,Power Failure
9587,Power Failure
4799,Power Failure
9166,Power Failure
5575,Power Failure
6369,Power Failure
5695,Power Failure
4251,Power Failure
8481,Power Failure
6919,Power Failure
5648,Power Failure
956,Power Failure
7920,Power Failure
6008,Power Failure
7883,Power Failure
506,Power Failure
9730,Power Failure
1080,Power Failure
5785,Power Failure
9793,Power Failure
1848,Power Failure
7336,Power Failure
3227,Power Failure
3743,Power Failure
782,Power Failure
3337,Power Failure
8297,Power Failure
206,Power Failure
7980,Power Failure
729,Power Failure
5635,Power Failure
4780,Power Failure
2290,Power Failure
774,Power Failure
1031,Power Failure
2645,Power Failure
815,Power Failure
6907,Power Failure
9876,Power Failure
2308,Power Failure
8741,Power Failure
6716,Power Failure
8102,Power Failure
1999,Power Failure
1616,Power Failure
3587,Power Failure
2504,Power Failure
6066,Power Failure
8028,Power Failure
5484,Power Failure
313,Power Failure
4018,Power Failure
1897,Power Failure
4651,Power Failure
1675,Power Failure
2277,Power Failure
6852,Power Failure
8096,Power Failure
2689,Power Failure
1067,Power Failure
1256,Power Failure
7929,Power Failure
693,Power Failure
8505,Power Failure
3637,Power Failure
5609,Power Failure
5558,Power Failure
9819,Power Failure
6734,Power Failure
6084,Power Failure
6468,Power Failure
974,Power Failure
3044,Power Failure
6995,Power Failure
5386,Power Failure
9033,Power Failure
2064,Power Failure
64,Power Failure
2001,Power Failure
4277,Power Failure
2565,Power Failure
5723,Power Failure
3092,Power Failure
787,Power Failure
3781,Power Failure
2284,Power Failure
6245,Power Failure
9998,Power Failure
9988,Power Failure
4632,Power Failure
2131,Power Failure
624,Power Failure
8323,Power Failure
6822,Power Failure
1978,Power Failure
3231,Power Failure
816,Power Failure
2785,Power Failure
9706,Power Failure
2681,Power Failure
6731,Power Failure
5013,Power Failure
5394,Power Failure
7753,Power Failure
8322,Power Failure
7675,Power Failure
9118,Power Failure
7478,Power Failure
9643,Power Failure
9499,Power Failure
8206,Power Failure
4858,Power Failure
8823,Power Failure
384,Power Failure
8888,Power Failure
1206,Power Failure
4269,Power Failure
1330,Power Failure
650,Power Failure
4162,Power Failure
7005,Power Failure
1701,Power Failure
3321,Power Failure
6570,Power Failure
1026,Power Failure
553,Power Failure
2780,Power Failure
9057,Power Failure
2606,Power Failure
3398,Power Failure
2101,Power Failure
7774,Power Failure
619,Power Failure
9436,Power Failure
8856,Power Failure
4796,Power Failure
4150,Power Failure
1820,Power Failure
9541,Power Failure
7416,Power Failure
786,Power Failure
7780,Power Failure
1470,Power Failure
5157,Power Failure
532,Power Failure
8504,Power Failure
3401,Power Failure
6224,Power Failure
2003,Power Failure
4562,Power Failure
9598,Power Failure
3049,Power Failure
4935,Power Failure
6412,Power Failure
2941,Power Failure
1218,Power Failure
5727,Power Failure
8577,Power Failure
5210,Power Failure
4725,Power Failure
8962,Power Failure
9803,Power Failure
3819,Power Failure
540,Power Failure
6484,Power Failure
8114,Power Failure
2413,Power Failure
8559,Power Failure
2512,Power Failure
3632,Power Failure
4384,Power Failure
4760,Power Failure
4502,Power Failure
4666,Power Failure
4097,Power Failure
4528,Power Failure
4621,Heat Dissipation Failure
4449,Power Failure
4511,Power Failure
4121,Power Failure
4165,Power Failure
4771,Power Failure
4156,Power Failure
4406,Heat Dissipation Failure
4837,Power Failure
4832,Power Failure
4154,Power Failure
4662,Power Failure
4643,Power Failure
4139,Power Failure
4557,Heat Dissipation Failure
4703,Power Failure
4670,Power Failure
4248,Power Failure
4186,Power Failure
3788,Power Failure
4082,Power Failure
4769,Power Failure
4852,Power Failure
4602,Power Failure
4079,Power Failure
4324,Power Failure
3794,Power Failure
4362,Power Failure
4141,Power Failure
4185,Power Failure
4422,Power Failure
5707,Power Failure
51,Power Failure
7537,Power Failure
3458,Power Failure
4049,Power Failure
7084,Power Failure
4343,Power Failure
6933,Power Failure
443,Power Failure
2427,Power Failure
5049,Power Failure
2599,Power Failure
1809,Power Failure
4921,Power Failure
1285,Power Failure
6679,Power Failure
7565,Power Failure
4003,Power Failure
1096,Power Failure
3868,Power Failure
4293,Power Failure
1145,Power Failure
1497,Power Failure
3944,Power Failure
9765,Power Failure
4998,Power Failure
6541,Power Failure
4297,Power Failure
195,Power Failure
169,Power Failure
2880,Power Failure
3580,Power Failure
8196,Power Failure
6154,Power Failure
7592,Power Failure
3020,Power Failure
7670,Power Failure
4985,Power Failure
3351,Power Failure
9660,Power Failure
2076,Power Failure
2762,Power Failure
4025,Power Failure
9494,Power Failure
7927,Power Failure
1336,Power Failure
9015,Power Failure
1834,Power Failure
587,Power Failure
3357,Power Failure
249,Power Failure
6079,Power Failure
243,Power Failure
9831,Power Failure
1335,Power Failure
1163,Power Failure
1162,Power Failure
4815,Power Failure
8847,Power Failure
5142,Power Failure
7088,Power Failure
1510,Power Failure
4647,Power Failure
8358,Power Failure
1088,Power Failure
6760,Power Failure
1683,Power Failure
2865,Power Failure
1997,Power Failure
5310,Power Failure
3866,Power Failure
5402,Power Failure
6420,Power Failure
1303,Power Failure
5554,Power Failure
6961,Power Failure
6914,Power Failure
5510,Power Failure
3066,Power Failure
